<?xml version="1.0" encoding="UTF-8"?>
<!DOCTYPE suite SYSTEM "https://testng.org/testng-1.0.dtd">
<suite name="Suite" thread-count="5"  >
<!-- parallel = "tests"-->
<listeners>
<listener class-name="utilities.ExtentReportManager"></listener>
</listeners>
 
  <test name="Test">
  <parameter name="browser" value="edge"/>
   <classes>
      <class name="test_Cases.TS_1"/>
      <class name="test_Cases.TS_2"/>
       <class name="test_Cases.TS_3"/>
    </classes>
  </test> <!-- Test -->
  
  <test  name="Test1">
  <parameter name="browser" value="chrome"/>
   <classes>
      <class name="test_Cases.TS_1"/>
      <class name="test_Cases.TS_2"/>
       <class name="test_Cases.TS_3"/>
    </classes>
  </test> <!-- Test -->
</suite> <!-- Suite -->
