<?xml version="1.0" encoding="UTF-8"?>
<!DOCTYPE suite SYSTEM "https://testng.org/testng-1.0.dtd">
<suite name="Suite">
<listeners>
<listener class-name="utilities.ExtentReportManager"></listener>
</listeners>
 
  <test thread-count="5" name="Test">
  <parameter name="browser" value="edge"/>
  <parameter name="os" value="Winn11"/>
   <classes>
      <!-- - <class name="test_Cases.TS_1"/>-->
      <class name="test_Cases.TS_Login"/>
      <class name="test_Cases.TS_1"/>
      <class name="test_Cases.TS_2"/>
      <class name="test_Cases.TS_3"/>
      
      
      
    </classes>
  </test> <!-- Test -->
</suite> <!-- Suite -->
